{
	"body":
	{
		"type": "m_tal_unw"
	},
	"face":
	{
		"freckles":
		{
			"option": "None",
			"density": 0.60976791381835938,
			"saturation": 0.25435200333595276,
			"strength": 0.27369439601898193,
			"toneShift": 0.40909081697463989
		},
		"accents":
		{
			"scalp":
			{
				"redness": 0,
				"saturation": 0,
				"lightness": 0
			},
			"forehead":
			{
				"redness": 0,
				"saturation": 0,
				"lightness": 0
			},
			"nose":
			{
				"redness": 0,
				"saturation": 0,
				"lightness": 0
			},
			"underEye":
			{
				"redness": 0,
				"saturation": 0,
				"lightness": 0
			},
			"cheeks":
			{
				"redness": 0,
				"saturation": 0,
				"lightness": 0
			},
			"lips":
			{
				"redness": 0,
				"saturation": 0,
				"lightness": 0
			},
			"chin":
			{
				"redness": 0,
				"saturation": 0,
				"lightness": 0
			},
			"ears":
			{
				"redness": 0,
				"saturation": 0,
				"lightness": 0
			}
		},
		"leftEye":
		{
			"iris":
			{
				"option": "007",
				"color1UI":
				{
					"x": 0.30014961957931519,
					"y": 0.73666644096374512
				},
				"color1":
				{
					"r": 0.090841710567474365,
					"g": 0.1119324266910553,
					"b": 0.11697066575288773,
					"a": 1
				},
				"color2UI":
				{
					"x": 0.61227524280548096,
					"y": 0.56666648387908936
				},
				"color2":
				{
					"r": 0.109461709856987,
					"g": 0.074213564395904541,
					"b": 0.030713442713022232,
					"a": 1
				},
				"bUseRadialBlend": true,
				"colorBalance": 0.5425531268119812,
				"colorBalanceSmoothness": 0.5,
				"size": 0.66422873735427856,
				"saturation": 0.5,
				"limbusDarkAmount": 0.67619681358337402
			},
			"sclera":
			{
				"tintUI":
				{
					"x": 0.15868254005908966,
					"y": 0.59166646003723145
				},
				"tint":
				{
					"r": 0.96468621492385864,
					"g": 0.94730651378631592,
					"b": 0.96468621492385864,
					"a": 1
				},
				"brightness": 0.61037230491638184,
				"rotation": 0,
				"vascularity": 0.59042549133300781,
				"veinsRotation": 0
			}
		},
		"rightEye":
		{
			"iris":
			{
				"option": "007",
				"color1UI":
				{
					"x": 0.30014961957931519,
					"y": 0.73666644096374512
				},
				"color1":
				{
					"r": 0.090841710567474365,
					"g": 0.1119324266910553,
					"b": 0.11697066575288773,
					"a": 1
				},
				"color2UI":
				{
					"x": 0.61227524280548096,
					"y": 0.56666648387908936
				},
				"color2":
				{
					"r": 0.109461709856987,
					"g": 0.074213564395904541,
					"b": 0.030713442713022232,
					"a": 1
				},
				"bUseRadialBlend": true,
				"colorBalance": 0.5425531268119812,
				"colorBalanceSmoothness": 0.5,
				"size": 0.66422873735427856,
				"saturation": 0.5,
				"limbusDarkAmount": 0.67619681358337402
			},
			"sclera":
			{
				"tintUI":
				{
					"x": 0.15868254005908966,
					"y": 0.59166646003723145
				},
				"tint":
				{
					"r": 0.96468621492385864,
					"g": 0.94730651378631592,
					"b": 0.96468621492385864,
					"a": 1
				},
				"brightness": 0.61037230491638184,
				"rotation": 0,
				"vascularity": 0.59042549133300781,
				"veinsRotation": 0
			}
		},
		"teeth":
		{
			"teethColorUI":
			{
				"x": 0.34999999403953552,
				"y": 0.34999999403953552
			},
			"teethColor":
			{
				"r": 0.67954248189926147,
				"g": 0.52099555730819702,
				"b": 0.33716362714767456,
				"a": 1
			},
			"gumColorUI":
			{
				"x": 0.34999999403953552,
				"y": 0.34999999403953552
			},
			"gumColor":
			{
				"r": 0.39157247543334961,
				"g": 0.078187420964241028,
				"b": 0.064803265035152435,
				"a": 1
			},
			"plaqueColorUI":
			{
				"x": 0.34999999403953552,
				"y": 0.34999999403953552
			},
			"plaqueColor":
			{
				"r": 0.60382735729217529,
				"g": 0.41788506507873535,
				"b": 0.11443537473678589,
				"a": 1
			},
			"plaqueAmount": 0.11999999731779099
		},
		"makeup":
		{
			"foundation":
			{
				"bApplyFoundation": false,
				"color":
				{
					"r": 0.21223099529743195,
					"g": 0.078186996281147003,
					"b": 0.046665001660585403,
					"a": 1
				},
				"intensity": 0.5,
				"roughness": 0.25,
				"concealer": 0
			},
			"eyes":
			{
				"option": "None",
				"primaryColor":
				{
					"r": 0.1020829975605011,
					"g": 0.17411699891090393,
					"b": 0.25,
					"a": 1
				},
				"secondaryColor":
				{
					"r": 0,
					"g": 0,
					"b": 0,
					"a": 1
				},
				"roughness": 0.5,
				"transparency": 0,
				"metalness": 0
			},
			"blusher":
			{
				"option": "None",
				"color":
				{
					"r": 0.34509798884391785,
					"g": 0,
					"b": 0,
					"a": 1
				},
				"intensity": 0.40000000596046448,
				"roughness": 0.25
			},
			"lips":
			{
				"option": "None",
				"color":
				{
					"r": 0.25520798563957214,
					"g": 0.010634000413119793,
					"b": 0.022097999230027199,
					"a": 1
				},
				"roughness": 0.5,
				"transparency": 0
			}
		}
	},
	"textureSynthesis":
	{
		"bSkinUnlocked": true,
		"lowFrequency": 0.019946807995438576,
		"highFrequency": 0.41150000691413879,
		"contrast": 0.5,
		"skinToneUI":
		{
			"x": 0.78470361232757568,
			"y": 0.54545450210571289
		},
		"skinTone":
		{
			"r": 0.21952620148658752,
			"g": 0.084376208484172821,
			"b": 0.051269456744194031,
			"a": 1
		}
	},
	"grooms":
	{
		"hair":
		{
			"option": "ShortPulledBack",
			"length": 1,
			"bUseCustomProperties": true,
			"melaninAndRedness":
			{
				"x": 0.82747644186019897,
				"y": 0.062210358679294586
			},
			"roughness": 0.37000000476837158,
			"whiteness": 0,
			"lightness": 0.5,
			"presetOption": "None",
			"bUseDyeColor": false,
			"dyeColor":
			{
				"r": 0.32156899571418762,
				"g": 0,
				"b": 0.69019597768783569,
				"a": 1
			},
			"bUseRegions": false,
			"regionsUV":
			{
				"x": 0.28189998865127563,
				"y": 0.25
			},
			"bUseRegionsColor": false,
			"regionsColor":
			{
				"r": 1,
				"g": 1,
				"b": 1,
				"a": 1
			},
			"regionsPresetOption": "None",
			"bUseOmbre": false,
			"ombreUV":
			{
				"x": 0.28189998865127563,
				"y": 0.25
			},
			"bUseOmbreColor": false,
			"ombreColor":
			{
				"r": 1,
				"g": 1,
				"b": 1,
				"a": 1
			},
			"ombreShift": 0.5,
			"ombreContrast": 0,
			"ombreIntensity": 1,
			"ombrePresetOption": "None",
			"bUseHighlights": false,
			"highlightsUV":
			{
				"x": 0.28189998865127563,
				"y": 0.25
			},
			"bUseHighlightsColor": false,
			"highlightsColor":
			{
				"r": 1,
				"g": 1,
				"b": 1,
				"a": 1
			},
			"highlightsBlending": 0.5,
			"highlightsIntensity": 0.5,
			"highlightsVariation": 0,
			"highlightsPresetOption": "None",
			"eyebrowsShading": 1,
			"eyebrowsMicroblading": 1,
			"bUseMaskModulation": false,
			"maskModulationOption": "None"
		},
		"eyebrows":
		{
			"option": "MediumMessyEyebrows",
			"length": 1,
			"bUseCustomProperties": true,
			"melaninAndRedness":
			{
				"x": 1,
				"y": 0.71106219291687012
			},
			"roughness": 0.25,
			"whiteness": 0,
			"lightness": 0.5,
			"presetOption": "None",
			"bUseDyeColor": false,
			"dyeColor":
			{
				"r": 0.32156899571418762,
				"g": 0,
				"b": 0.69019597768783569,
				"a": 1
			},
			"bUseRegions": false,
			"regionsUV":
			{
				"x": 0.28189998865127563,
				"y": 0.25
			},
			"bUseRegionsColor": false,
			"regionsColor":
			{
				"r": 1,
				"g": 1,
				"b": 1,
				"a": 1
			},
			"regionsPresetOption": "None",
			"bUseOmbre": false,
			"ombreUV":
			{
				"x": 0.28189998865127563,
				"y": 0.25
			},
			"bUseOmbreColor": false,
			"ombreColor":
			{
				"r": 1,
				"g": 1,
				"b": 1,
				"a": 1
			},
			"ombreShift": 0.5,
			"ombreContrast": 0,
			"ombreIntensity": 1,
			"ombrePresetOption": "None",
			"bUseHighlights": false,
			"highlightsUV":
			{
				"x": 0.28189998865127563,
				"y": 0.25
			},
			"bUseHighlightsColor": false,
			"highlightsColor":
			{
				"r": 1,
				"g": 1,
				"b": 1,
				"a": 1
			},
			"highlightsBlending": 0.5,
			"highlightsIntensity": 0.5,
			"highlightsVariation": 0,
			"highlightsPresetOption": "None",
			"eyebrowsShading": 1,
			"eyebrowsMicroblading": 1,
			"bUseMaskModulation": false,
			"maskModulationOption": "None"
		},